Timestamp,Speed_KPM,RPM,Gear,Suspension_FL,Is_Cheating
25090265,0,0,0,0,NO
25090265,0,0,0,0,NO
25090281,0,0,0,0,NO
25090296,0,0,0,0,NO
25090312,0,0,0,0,NO
25090328,0,0,0,0,NO
25090328,0,0,0,0,NO
25090343,0,0,0,0,NO
25090359,0,0,0,0,NO
25090375,0,0,0,0,NO
25090375,0,0,0,0,NO
25090390,0,0,0,0,NO
25090406,0,0,0,0,NO
25090406,0,0,0,0,NO
25090421,0,0,0,0,NO
25090437,0,0,0,0,NO
25090453,0,0,0,0,NO
25090453,0,0,0,0,NO
25090468,0,0,0,0,NO
25090468,0,0,0,0,NO
25090484,0,0,0,0,NO
25090500,0,0,0,0,NO
25090500,0,0,0,0,NO
25090515,0,0,0,0,NO
25090515,0,0,0,0,NO
25090531,0,0,0,0,NO
25090546,0,0,0,0,NO
25090546,0,0,0,0,NO
25090562,0,0,0,0,NO
25090578,0,0,0,0,NO
25090578,0,0,0,0,NO
25090593,0,0,0,0,NO
25090593,0,0,0,0,NO
25090609,0,0,0,0,NO
25090625,0,0,0,0,NO
25090625,0,0,0,0,NO
25090671,0,0,0,0,NO
25090671,0,0,0,0,NO
25090687,0,0,0,0,NO
25090687,0,0,0,0,NO
25090703,0,0,0,0,NO
25090703,0,0,0,0,NO
25090718,0,0,0,0,NO
25090734,0,0,0,0,NO
25090734,0,0,0,0,NO
25090750,0,0,0,0,NO
25090750,0,0,0,0,NO
25090765,0,0,0,0,NO
25090781,0,0,0,0,NO
25090781,0,0,0,0,NO
25090796,0,0,0,0,NO
25090796,0,0,0,0,NO
25090812,0,0,0,0,NO
25090828,0,0,0,0,NO
25090828,0,0,0,0,NO
25090843,0,0,0,0,NO
25090859,0,0,0,0,NO
25090859,0,0,0,0,NO
25090875,0,0,0,0,NO
25090890,0,0,0,0,NO
25090890,0,0,0,0,NO
25090906,0,0,0,0,NO
25090921,0,0,0,0,NO
25090937,0,0,0,0,NO
25090937,0,0,0,0,NO
25090953,0,0,0,0,NO
25090968,0,0,0,0,NO
25090984,0,0,0,0,NO
25090984,0,0,0,0,NO
25091000,0,0,0,0,NO
25091015,0,0,0,0,NO
25091015,0,0,0,0,NO
25091031,0,0,0,0,NO
25091046,0,0,0,0,NO
25091062,0,0,0,0,NO
25091062,0,0,0,0,NO
25091078,0,0,0,0,NO
25091093,0,0,0,0,NO
25091109,0,0,0,0,NO
25091109,0,0,0,0,NO
25091125,0,0,0,0,NO
25091140,0,0,0,0,NO
25091156,0,0,0,0,NO
25091156,0,0,0,0,NO
25091171,0,0,0,0,NO
25091187,0,0,0,0,NO
25091203,0,0,0,0,NO
25091218,0,0,0,0,NO
25091218,0,0,0,0,NO
25091234,0,0,0,0,NO
25091265,0,0,0,0,NO
25091281,0,0,0,0,NO
25091281,0,0,0,0,NO
25091296,0,0,0,0,NO
25091312,0,0,0,0,NO
25091312,0,0,0,0,NO
25091328,0,0,0,0,NO
25091343,0,0,0,0,NO
25091343,0,0,0,0,NO
25091359,0,0,0,0,NO
25091375,0,0,0,0,NO
25091390,0,0,0,0,NO
25091390,0,0,0,0,NO
25091406,0,0,0,0,NO
25091578,0,0,0,0,NO
25091593,0,0,0,0,NO
25091593,0,0,0,0,NO
25091609,0,0,0,0,NO
25091625,0,0,0,0,NO
25091625,0,0,0,0,NO
25091640,0,0,0,0,NO
25091640,0,0,0,0,NO
25091656,0,0,0,0,NO
25091656,0,0,0,0,NO
25091828,0,0,0,0,NO
25091843,0,0,0,0,NO
25091859,0,0,0,0,NO
25091875,0,0,0,0,NO
25091875,37.1634,2586.29,3,0.667797,YES
25091890,36.9926,2590.22,3,0.668975,NO
25091906,36.8762,2604.13,3,0.670173,NO
25091921,36.82,2625.35,3,0.660787,NO
25091921,36.8347,2652.76,3,0.645373,NO
25091937,36.9252,2686.1,3,0.626399,NO
25091953,36.9845,2702.03,3,0.617965,NO
25091953,37.0601,2721.93,3,0.609968,NO
25091968,37.1544,2745.38,3,0.601712,NO
25091984,37.2705,2772.48,3,0.593137,NO
25092000,37.4075,2803.08,3,0.584306,NO
25092015,37.5554,2835.07,3,0.575176,NO
25092015,37.7338,2873.12,3,0.564491,NO
25092031,37.9349,2915.64,3,0.552224,NO
25092046,38.1612,2962.66,3,0.538479,NO
25092062,38.4378,3014.88,3,0.522629,NO
25092078,38.752,3067.44,3,0.505682,NO
25092093,39.0942,3118.81,3,0.488266,NO
25092093,39.4503,3169.05,3,0.47226,NO
25092109,39.8084,3218.4,3,0.459843,NO
25092125,40.1628,3267.2,3,0.453183,NO
25092140,40.523,3316.39,3,0.454503,NO
25092156,40.8873,3365.72,3,0.460533,NO
25092171,41.2562,3415.43,3,0.467267,NO
25092187,41.6308,3466.15,3,0.473771,NO
25092187,42.0071,3517.43,3,0.481075,NO
25092203,42.3877,3569.31,3,0.489745,NO
25092218,42.767,3622.28,3,0.500053,NO
25092234,43.1453,3676.96,3,0.512427,NO
25092250,43.5174,3733.64,3,0.528261,NO
25092265,43.8802,3793.17,3,0.547869,NO
25092281,44.2188,3853.17,3,0.570302,NO
25092296,44.5755,3914.16,3,0.594772,NO
25092296,44.9287,3975.23,3,0.622811,NO
25092312,45.2814,4035.99,3,0.653389,NO
25092328,45.6243,4098.39,3,0.681973,NO
25092343,45.9415,4163.92,3,0.710016,NO
25092359,46.2527,4228.92,3,0.734154,NO
25092375,46.5604,4293.42,3,0.754996,NO
25092390,46.8687,4358.04,3,0.765105,NO
25092390,47.1738,4421.25,3,0.771966,NO
25092406,47.4784,4484.12,3,0.774848,NO
25092421,47.7674,4547.7,3,0.775257,NO
25092437,48.0409,4613.29,3,0.774704,NO
25092453,48.3081,4679.44,3,0.772546,NO
25092468,48.5757,4744.09,3,0.768809,NO
25092468,48.8408,4808.02,3,0.763654,NO
25092484,49.1032,4871.85,3,0.757451,NO
25092500,49.371,4933.87,3,0.745675,NO
25092515,49.6519,4991.79,3,0.730373,NO
25092531,49.9618,5044.58,3,0.714178,NO
25092546,50.3018,5089.92,3,0.697513,NO
25092546,50.7245,5121.61,3,0.679512,NO
25092562,51.1501,5152.77,3,0.660547,NO
25092578,51.5763,5183.91,3,0.640314,NO
25092593,52.0226,5212.47,3,0.619449,NO
25092609,52.4972,5238.58,3,0.615907,NO
25092625,52.9798,5263.86,3,0.595886,NO
25092640,53.4393,5294.77,3,0.568169,NO
25092656,53.9328,5322.1,3,0.546695,NO
25092671,54.5395,5331.72,3,0.530713,NO
25092687,55.151,5342.88,3,0.517146,NO
25092703,55.734,5359.91,3,0.50582,NO
25092718,56.3455,5373.5,3,0.496055,NO
25092734,56.9292,5394.05,3,0.487274,NO
25092750,57.4366,5427.71,3,0.480117,NO
25092765,57.8914,5471,3,0.474672,NO
25092796,58.3271,5518.78,3,0.471656,NO
25092812,58.7425,5570.48,3,0.473891,NO
25092828,59.1905,5616.54,3,0.479795,NO
25092843,59.6133,5666.16,3,0.476994,NO
25092859,60.0542,5712.62,3,0.474852,NO
25092875,60.5423,5751.55,3,0.477146,NO
25092890,61.0059,5794.42,3,0.4804,NO
25092921,61.4756,5838.74,3,0.481854,NO
25092937,61.9485,5882.24,3,0.479193,NO
25092953,62.4269,5924.17,3,0.472908,NO
25092968,62.9413,5959.87,3,0.465552,NO
25092984,63.4444,5994.85,3,0.459148,NO
25093000,63.9403,6029.68,3,0.454723,NO
25093015,64.4288,6063.55,3,0.452442,NO
25093031,64.9267,6092.95,3,0.451869,NO
25093046,65.41,6120.97,3,0.453479,NO
25093046,65.8711,6150.27,3,0.457333,NO
25093062,66.3062,6178.64,3,0.463148,NO
25093078,66.7295,6206.02,3,0.470642,NO
25093093,67.1224,6233.99,3,0.479308,NO
25093109,67.5287,6255.74,3,0.489298,NO
25093109,67.9202,6277.4,3,0.50053,NO
25093125,68.2978,6298.54,3,0.512517,NO
25093140,68.666,6318.54,3,0.524744,NO
25093156,69.0568,6333.16,3,0.536481,NO
25093171,69.4173,6351.43,3,0.546998,NO
25093187,69.758,6371.01,3,0.563996,NO
25093187,70.0969,6390.78,3,0.584829,NO
25093203,70.4302,6409.58,3,0.601557,NO
25093218,70.7666,6427.6,3,0.615161,NO
25093234,71.105,6444.57,3,0.627398,NO
25093250,71.4804,6455.14,3,0.638869,NO
25093250,71.8847,6460.74,3,0.648923,NO
25093265,72.3027,6463.19,3,0.656777,NO
25093281,72.716,6466.44,3,0.663094,NO
25093296,73.1203,6470.53,3,0.667945,NO
25093312,73.5265,6474.89,3,0.671578,NO
25093328,73.8929,6485.19,3,0.668159,NO
25093343,74.2557,6498.31,3,0.652152,NO
25093343,74.6338,6512.98,3,0.631878,NO
25093359,75.0191,6528.34,3,0.611056,NO
25093375,75.3984,6544.07,3,0.589629,NO
25093390,75.7656,6559.91,3,0.577772,NO
25093406,76.1655,6570.64,3,0.575061,NO
25093421,76.5658,6580.47,3,0.575096,NO
25093421,76.958,6591.47,3,0.576617,NO
25093437,77.3337,6603.83,3,0.579729,NO
25093453,77.6937,6619.15,3,0.584608,NO
25093468,78.0235,6638.88,3,0.579331,NO
25093484,78.3466,6659.28,3,0.56594,NO
25093500,78.6355,6684.29,3,0.570666,NO
25093500,78.9173,6709.65,3,0.587299,NO
25093515,79.2018,6734.35,3,0.598791,NO
25093531,79.4908,6757.82,3,0.599569,NO
25093546,79.7832,6780.09,3,0.593045,NO
25093562,80.0804,6801.08,3,0.584242,NO
25093578,80.3933,6819.6,3,0.580054,NO
25093593,80.7404,6831.76,3,0.591193,NO
25093609,81.0857,6844.68,3,0.59999,NO
25093625,81.4378,6856.18,3,0.596055,NO
25093625,81.787,6868.84,3,0.602572,NO
25093656,82.1268,6883.49,3,0.613345,NO
25093656,82.4554,6901.01,3,0.610759,NO
25093671,82.7663,6921.24,3,0.603256,NO
25093687,83.0569,6945.35,3,0.594327,NO
25093703,83.351,6969.05,3,0.582386,NO
25093718,83.6616,6989.96,3,0.566046,NO
25093734,83.9773,7010.69,3,0.543769,NO
25093750,84.2969,7030.93,3,0.515773,NO
25093765,84.6548,7045.36,3,0.491217,NO
25093781,85.0566,7054.06,3,0.561385,NO
25093796,85.4743,7060.91,3,0.57543,NO
25093812,85.9044,7065.8,3,0.544954,NO
25093843,86.3465,7069.8,3,0.526488,NO
25093859,86.7857,7075.47,3,0.519935,NO
25093875,87.2226,7082.69,3,0.513917,NO
25093890,87.5494,6920.59,3,0.504533,NO
25093906,87.7713,6780.76,3,0.499468,NO
25093921,87.9733,6638.78,3,0.528262,NO
25093937,88.1399,6511.24,3,0.567545,NO
25093953,88.231,6403.77,3,0.5983,NO
25093968,88.2438,6311.43,3,0.624935,NO
25093984,88.1974,6226.36,3,0.650921,NO
25094000,88.1359,6141.44,3,0.673893,NO
25094015,88.0692,6057,3,0.69341,NO
25094046,87.9983,5972.56,3,0.708927,NO
25094062,87.9239,5888.45,3,0.719237,NO
25094062,87.8536,5805.28,3,0.726446,NO
25094078,87.8041,5723.61,3,0.733121,NO
25094093,87.7511,5643.05,3,0.737189,NO
25094109,87.7046,5564.31,3,0.741771,NO
25094125,87.6642,5488.59,3,0.746226,NO
25094140,87.6432,5410.32,3,0.746392,NO
25094156,87.6963,5322.54,3,0.741767,NO
25094171,87.8257,5226.53,3,0.733978,NO
25094171,88.0242,5123.6,3,0.728383,NO
25094187,88.2853,5014.08,3,0.717935,NO
25094203,88.5998,4898.94,3,0.701978,NO
25094218,88.9572,4777.9,3,0.685006,NO
25094234,89.334,4697.08,3,0.669255,NO
25094250,89.692,4639.77,3,0.65546,NO
25094250,90.0343,4598.91,3,0.641512,NO
25094265,90.3586,4574.43,3,0.627546,NO
25094281,90.6684,4564.31,3,0.613182,NO
25094296,90.9701,4566.77,3,0.597907,NO
25094312,91.2693,4579.88,3,0.59223,NO
25094312,91.572,4601.27,3,0.591733,NO
25094328,91.8831,4512.67,3,0.590692,NO
25094343,92.2022,4530.99,3,0.594042,NO
25094359,92.521,4547.61,3,0.600894,NO
25094375,92.844,4564.07,3,0.606135,NO
25094375,93.1686,4579.81,3,0.608669,NO
25094390,93.4944,4594.95,3,0.60829,NO
25094406,93.8251,4609.17,3,0.605744,NO
25094421,94.1665,4620.74,3,0.60094,NO
25094437,94.5177,4630.07,3,0.593734,NO
25094453,94.8661,4639.15,3,0.588071,NO
25094453,95.2194,4646.95,3,0.587742,NO
25094468,95.5648,4656.54,3,0.588345,NO
25094484,95.897,4668.54,3,0.586643,NO
25094500,96.2169,4683.59,3,0.582119,NO
25094515,96.5225,4702.04,3,0.577341,NO
25094515,96.8143,4722.65,3,0.575559,NO
25094531,97.1039,4743.59,3,0.57412,NO
25094546,97.3965,4765.46,3,0.572533,NO
25094562,97.6949,4785.88,3,0.569182,NO
25094578,98.0011,4804.08,3,0.564887,NO
25094593,98.3129,4821,3,0.560131,NO
25094593,98.6248,4837.41,3,0.554818,NO
25094609,98.9388,4853.65,3,0.548937,NO
25094625,99.253,4869.51,3,0.542405,NO
25094640,99.5695,4885.22,3,0.547289,NO
25094656,99.8838,4900.87,3,0.561321,NO
25094671,100.201,4916.82,3,0.573483,NO
25094687,100.519,4932.39,3,0.581628,NO
25094687,100.839,4947.68,3,0.58708,NO
25094703,101.162,4962.91,3,0.591035,NO
25094718,101.487,4977.96,3,0.601012,NO
25094734,101.819,4992.16,3,0.618995,NO
25094750,102.161,5004.17,3,0.634209,NO
25094765,102.514,5014.35,3,0.642521,NO
25094781,102.888,5019.13,3,0.64564,NO
25094796,103.279,5020.92,3,0.644071,NO
25094812,103.657,5025.47,3,0.638235,NO
25094828,104.025,5033.56,3,0.645886,NO
25094843,104.387,5043.74,3,0.660767,NO
25094859,104.734,5057.39,3,0.666733,NO
25094875,105.064,5075.33,3,0.664857,NO
25094890,105.375,5097.47,3,0.659608,NO
25094890,105.671,5123.27,3,0.651319,NO
25094906,105.958,5150.3,3,0.639883,NO
25094921,106.263,5173.2,3,0.625319,NO
25094937,106.579,5193.59,3,0.608673,NO
25094953,106.896,5213.54,3,0.590214,NO
25094968,107.211,5234.07,3,0.570598,NO
25094984,107.523,5253.94,3,0.557962,NO
25095000,107.84,5273.23,3,0.558262,NO
25095015,108.154,5292.76,3,0.562092,NO
25095031,108.481,5309.24,3,0.56226,NO
25095046,108.811,5324.9,3,0.580116,NO
25095062,109.14,5340.08,3,0.608301,NO
25095078,109.474,5353.9,3,0.628457,NO
25095093,109.813,5365.76,3,0.642284,NO
25095109,110.17,5372.73,3,0.653193,NO
25095109,110.532,5377.41,3,0.661639,NO
25095125,110.904,5379.37,3,0.666074,NO
25095140,111.269,5381.76,3,0.665722,NO
25095156,111.616,5386.97,3,0.689371,NO
25095171,111.943,5395.44,3,0.717971,NO
25095187,112.249,5407.52,3,0.72971,NO
25095203,112.537,5422.84,3,0.731586,NO
25095203,112.806,5440.55,3,0.729651,NO
25095218,113.063,5459.83,3,0.72425,NO
25095234,113.326,5477.82,3,0.715194,NO
25095250,113.608,5489.8,3,0.701724,NO
25095250,113.891,5500.47,3,0.685092,NO
25095265,114.167,5512.05,3,0.661743,NO
25095281,114.432,5525.56,3,0.630915,NO
25095296,114.685,5541.07,3,0.597062,NO
25095312,114.929,5558.39,3,0.563202,NO
25095328,115.16,5577.82,3,0.544402,NO
25095328,115.381,5599.28,3,0.539992,NO
25095343,115.594,5622.16,3,0.539135,NO
25095359,115.817,5642.19,3,0.537377,NO
25095375,116.053,5659.35,3,0.535469,NO
25095375,116.288,5676.12,3,0.533176,NO
25095390,116.524,5692,3,0.530282,NO
25095406,116.766,5706.19,3,0.526521,NO
25095421,117.016,5718.44,3,0.521852,NO
25095437,117.27,5728.9,3,0.51634,NO
25095437,117.528,5738.28,3,0.509685,NO
25095453,117.786,5747.16,3,0.514644,NO
25095468,118.043,5755.79,3,0.526606,NO
25095484,118.297,5764.39,3,0.535516,NO
25095500,118.546,5773.07,3,0.540471,NO
25095500,118.791,5781.79,3,0.543936,NO
25095515,119.035,5790.61,3,0.546749,NO
25095531,119.283,5797.88,3,0.548328,NO
25095546,119.539,5804.93,3,0.550099,NO
25095562,119.8,5811.56,3,0.550765,NO
25095562,120.062,5817.56,3,0.550455,NO
25095578,120.323,5823.66,3,0.549702,NO
25095593,120.582,5830.28,3,0.539426,NO
25095609,120.836,5837.86,3,0.542394,NO
25095625,121.086,5846.82,3,0.557704,NO
25095625,121.328,5857.55,3,0.568933,NO
25095640,121.562,5870.05,3,0.573491,NO
25095656,121.788,5884.25,3,0.57565,NO
25095671,122.008,5900.23,3,0.577765,NO
25095687,122.222,5917.73,3,0.579174,NO
25095687,122.435,5935.24,3,0.579004,NO
25095703,122.648,5952.16,3,0.576918,NO
25095718,122.873,5966.93,3,0.574896,NO
25095734,123.101,5980.5,3,0.573472,NO
25095750,123.334,5992.98,3,0.575472,NO
25095765,123.575,6004.55,3,0.584358,NO
25095765,123.816,6016.7,3,0.596438,NO
25095781,123.997,6042.3,3,0.608011,NO
25095796,124.282,6041.82,3,0.622908,NO
25095812,124.555,6044.03,3,0.640971,NO
25095828,124.78,6058.86,3,0.658994,NO
25095843,124.868,6107.59,3,0.672456,NO
25095859,124.899,6166.1,3,0.675938,NO
25095875,125.146,6174.68,3,0.672216,NO
25095890,125.556,6145.82,3,0.663243,NO
25095906,125.907,6131.01,3,0.657279,NO
25095906,126.231,6123.18,3,0.653823,NO
25095921,126.573,6108.39,3,0.661533,NO
25095937,126.817,6116.9,3,0.677985,NO
25095953,126.856,6176.86,3,0.691188,NO
25095968,126.879,6242.05,3,0.707395,NO
25095984,127.091,6262.11,3,0.715217,NO
25096000,127.258,6291.62,3,0.709725,NO
25096015,127.471,6308.4,3,0.69887,NO
25096031,127.786,6301.98,3,0.693723,NO
25096046,128.018,6315.33,3,0.689829,NO
25096062,128.06,6368.26,3,0.674112,NO
25096078,128.301,6370.49,3,0.650726,NO
25096078,128.626,6357.97,3,0.630487,NO
25096093,128.727,6401.41,3,0.605771,NO
25096109,128.865,6432.38,3,0.579871,NO
25096125,129.233,6400.7,3,0.558339,NO
25096140,129.494,6387.76,3,0.538501,NO
25096156,129.613,6412.02,3,0.518444,NO
25096171,129.664,6462.72,3,0.499431,NO
25096187,129.911,6468.9,3,0.479377,NO
25096203,130.222,6451.56,3,0.457774,NO
25096203,130.456,6439.21,3,0.440091,NO
25096218,130.676,6424.71,3,0.431489,NO
25096234,130.759,6452.85,3,0.418608,NO
25096250,130.754,6501.47,3,0.402328,NO
25096265,130.773,6544.78,3,0.379306,NO
25096281,131.099,6518.3,3,0.350917,NO
25096281,131.213,6506.2,3,0.324924,NO
25096296,131.281,6470.62,3,0.302608,NO
25096312,131.318,6403.54,3,0.295485,NO
25096328,131.315,6307.3,3,0.303943,NO
25096343,131.271,6184.94,3,0.32332,NO
25096343,131.179,6041.08,3,0.345788,NO
25096359,131.045,5894.32,3,0.36881,NO
25096375,130.873,5760.78,3,0.390357,NO
25096390,130.664,5637.76,3,0.410633,NO
25096390,130.428,5523.32,3,0.428183,NO
25096406,130.169,5415.06,3,0.443251,NO
25096421,129.893,5312,3,0.455302,NO
25096437,129.602,5212.71,3,0.464648,NO
25096437,129.301,5117.33,3,0.497059,NO
25096453,128.852,5271.81,3,0.551291,NO
25096468,128.433,5413.63,3,0.599118,NO
25096484,128.041,5539.39,3,0.631059,NO
25096500,127.694,5652.13,3,0.652715,NO
25096500,127.394,5751.27,3,0.665157,NO
25096515,127.142,5837.87,3,0.664505,NO
25096531,126.93,5914.88,3,0.657655,NO
25096546,126.755,5982.27,3,0.646148,NO
25096562,126.617,6041.06,3,0.628564,NO
25096562,126.514,6091.78,3,0.605611,NO
25096578,126.439,6135.78,3,0.578928,NO
25096593,126.388,6175.27,3,0.549342,NO
25096609,126.358,6211.26,3,0.518072,NO
25096609,126.342,6244.79,3,0.486213,NO
25096625,126.333,6276.85,3,0.455113,NO
25096640,126.328,6307.79,3,0.425139,NO
25096656,126.318,6337.04,3,0.396874,NO
25096671,126.308,6366.32,3,0.37002,NO
25096687,126.295,6395.74,3,0.344742,NO
25096687,126.279,6425.6,3,0.321153,NO
25096703,126.257,6455.95,3,0.299506,NO
25096718,126.232,6486.56,3,0.279525,NO
25096734,126.201,6516.88,3,0.280703,NO
25096750,126.165,6545.69,3,0.313003,NO
25096750,126.121,6573.55,3,0.347901,NO
25096765,126.067,6600.38,3,0.374765,NO
25096781,126.002,6626.45,3,0.398123,NO
25096796,125.931,6651.01,3,0.421502,NO
25096812,125.859,6672.59,3,0.44477,NO
25096812,125.79,6692.74,3,0.463731,NO
25096828,125.747,6709.53,3,0.475516,NO
25096843,125.735,6721.2,3,0.481822,NO
25096859,125.752,6730.26,3,0.4852,NO
25096875,125.802,6738.27,3,0.4838,NO
25096890,125.881,6745.26,3,0.500763,NO
25096890,125.972,6752.17,3,0.530229,NO
25096906,126.058,6760.25,3,0.55397,NO
25096921,126.137,6770.77,3,0.589524,NO
25096937,126.211,6783.88,3,0.634946,NO
25096953,126.278,6799.34,3,0.672809,NO
25096968,126.344,6815.14,3,0.684501,NO
25096984,126.4,6832.19,3,0.677232,NO
25096984,126.453,6850.44,3,0.670073,NO
25097000,126.513,6865.81,3,0.661811,NO
25097015,126.578,6879,3,0.648815,NO
25097031,126.65,6888.74,3,0.631541,NO
25097046,126.736,6890.63,3,0.608971,NO
25097062,126.818,6892.63,3,0.583306,NO
25097078,126.896,6896.38,3,0.578041,NO
25097078,126.97,6902.62,3,0.597336,NO
25097093,127.03,6911.13,3,0.615938,NO
25097109,127.062,6924.11,3,0.610629,NO
25097125,127.062,6942.82,3,0.589874,NO
25097140,127.045,6962.81,3,0.566096,NO
25097156,127.021,6978.23,3,0.542903,NO
25097156,126.999,6984.76,3,0.515617,NO
25097171,126.965,6992.49,3,0.490617,NO
25097187,126.935,6997.86,3,0.470599,NO
25097203,126.904,7002.78,3,0.453988,NO
25097218,126.869,7008.27,3,0.455535,NO
25097234,126.832,7015.72,3,0.48143,NO
25097234,126.783,7029.17,3,0.514043,NO
25097250,126.734,7041.43,3,0.524645,NO
25097265,126.682,7052.86,3,0.519674,NO
25097281,126.638,7058.92,3,0.516831,NO
25097296,126.592,7062.54,3,0.515082,NO
25097296,126.56,7063.34,3,0.511762,NO
25097312,126.556,7054.35,3,0.505416,NO
25097328,126.551,7047,3,0.49632,NO
25097343,126.562,7037.55,3,0.48413,NO
25097343,126.57,7031.2,3,0.469421,NO
25097359,126.572,7028.77,3,0.45251,NO
25097375,126.566,7030.9,3,0.43599,NO
25097390,126.548,7037.87,3,0.422867,NO
25097390,126.522,7049.43,3,0.411699,NO
25097406,126.479,7067.08,3,0.404064,NO
25097421,126.42,7090.68,3,0.398133,NO
25097437,126.36,7113.32,3,0.392813,NO
25097437,126.298,7135.06,3,0.388506,NO
25097453,126.229,7155.06,3,0.380546,NO
25097468,126.162,7173.09,3,0.372058,NO
25097484,126.1,7189.08,3,0.370912,NO
25097484,126.054,7198.9,3,0.381565,NO
25097500,126.012,7206,3,0.404116,NO
25097515,125.974,7209.44,3,0.437187,NO
25097531,125.949,7204.75,3,0.467139,NO
25097531,125.917,7198.81,3,0.490945,NO
25097546,125.899,7191.36,3,0.500307,NO
25097562,125.872,7185.71,3,0.50085,NO
25097578,125.856,7174.04,3,0.501027,NO
25097578,125.818,7163.85,3,0.502339,NO
25097593,125.761,7161.18,3,0.505025,NO
25097609,125.715,7160.3,3,0.502438,NO
25097625,125.683,7158.57,3,0.501785,NO
25097625,125.671,7155.32,3,0.505573,NO
25097640,125.714,7135.93,3,0.511001,NO
25097656,125.656,7169.89,3,0.507185,NO
25097671,125.624,7201.1,3,0.497027,NO
25097671,125.716,7196.67,3,0.483289,NO
25097687,125.846,7179.94,3,0.466141,NO
25097703,125.996,7152.5,3,0.447538,NO
25097718,126.123,7122.92,3,0.43014,NO
25097718,126.197,7116.11,3,0.4138,NO
25097734,126.197,7148.61,3,0.395899,NO
25097750,126.189,7183.73,3,0.37685,NO
25097765,126.2,7210.68,3,0.3596,NO
25097765,126.255,7220,3,0.347581,NO
25097781,126.332,7218.35,3,0.353868,NO
25097796,126.44,7199.7,3,0.380636,NO
25097812,126.547,7178.31,3,0.41348,NO
25097812,126.618,7173.37,3,0.442199,NO
25097828,126.651,7184.62,3,0.466081,NO
25097843,126.7,7189.82,3,0.487602,NO
25097843,126.732,7200.15,3,0.505926,NO
25097859,126.784,7202.68,3,0.524795,NO
25097875,126.886,7185.13,3,0.543822,NO
25097890,127.032,7147.04,3,0.556475,NO
25097906,127.121,7133.15,3,0.561524,NO
25097906,127.131,7153.4,3,0.562294,NO
25097921,127.14,7171.74,3,0.56263,NO
25097937,127.297,7133.32,3,0.561171,NO
25097953,127.509,7063.29,3,0.556567,NO
25097953,127.612,7044.74,3,0.545874,NO
25097968,127.624,7064.31,3,0.53105,NO
25097984,127.646,7084.86,3,0.514443,NO
25098000,127.809,7057.5,3,0.495824,NO
25098000,127.944,7030.87,3,0.473327,NO
25098015,127.944,7052.86,3,0.43814,NO
25098031,127.881,7098.54,3,0.39539,NO
25098046,127.864,7120.53,3,0.352289,NO
25098046,127.962,7101.22,3,0.313101,NO
25098062,128.067,7091.08,3,0.280452,NO
25098078,128.184,7076.17,3,0.256472,NO
25098093,128.267,7058.21,3,0.251857,NO
25098093,128.321,7058.3,3,0.262354,NO
25098109,128.396,7059.76,3,0.284166,NO
25098125,128.444,7066.44,3,0.313837,NO
25098140,128.346,7105.64,3,0.33803,NO
25098156,128.26,7144.29,3,0.355192,NO
25098156,128.426,7126.92,3,0.372937,NO
25098171,128.625,7094.34,3,0.392534,NO
25098187,128.683,7088.88,3,0.408991,NO
25098203,128.567,7136.36,3,0.422838,NO
25098203,128.49,7162.46,3,0.436191,NO
25098218,128.571,7130.46,3,0.448701,NO
25098234,128.638,7102.97,3,0.453021,NO
25098250,128.723,7110.11,3,0.446531,NO
25098250,128.74,7145.76,3,0.431058,NO
25098265,128.771,7156.14,3,0.412942,NO
25098281,128.949,7124.39,3,0.397633,NO
25098296,129.243,7070.51,3,0.386341,NO
25098296,129.442,7050.63,3,0.378698,NO
25098312,129.453,7081.88,3,0.371883,NO
25098328,129.295,7121.74,3,0.364647,NO
25098343,129.212,7141.62,3,0.357184,NO
25098343,129.306,7137.4,3,0.347618,NO
25098359,129.342,7150.95,3,0.328556,NO
25098375,129.368,7174.85,3,0.300034,NO
25098390,129.442,7191.72,3,0.27316,NO
25098390,129.711,7162.62,3,0.252368,NO
25098406,130.075,7112.45,3,0.23559,NO
25098421,130.27,6966.29,3,0.217281,NO
25098421,130.367,6855.84,3,0.197283,NO
25098437,130.592,6719.5,3,0.178995,NO
25098453,130.815,6577.82,3,0.162054,NO
25098468,130.922,6468,3,0.144611,NO
25098468,130.933,6392.6,3,0.127085,NO
25098484,131.029,6319.02,3,0.119286,NO
25098500,131.061,6237.05,3,0.120848,NO
25098500,131.028,6171.94,3,0.120075,NO
25098515,130.963,6116.95,3,0.117375,NO
25098531,130.887,6061.56,3,0.118251,NO
25098531,130.811,6006.04,3,0.133988,NO
25098546,130.737,5950.96,3,0.16441,NO
25098562,130.661,5895.22,3,0.201909,NO
25098578,130.583,5839.25,3,0.242661,NO
25098578,130.502,5783.58,3,0.285809,NO
25098593,130.421,5727.8,3,0.331856,NO
25098609,130.337,5671.7,3,0.380414,NO
25098625,130.249,5616.28,3,0.428777,NO
25098625,130.156,5560.29,3,0.477621,NO
25098640,130.06,5504.63,3,0.526081,NO
25098656,129.963,5449.81,3,0.548314,NO
25098656,129.865,5395.66,3,0.546836,NO
25098671,129.771,5339.9,3,0.545297,NO
25098687,129.692,5277.25,3,0.548785,NO
25098703,129.639,5208.88,3,0.558239,NO
25098703,129.614,5134.36,3,0.572963,NO
25098718,129.614,5053.94,3,0.58801,NO
25098734,129.637,4967.6,3,0.601274,NO
25098750,129.679,4876.44,3,0.613421,NO
25098750,129.738,4779.52,3,0.625669,NO
25098765,129.812,4694.89,3,0.639209,NO
25098781,129.885,4652.45,3,0.653993,NO
25098796,129.948,4627.24,3,0.6515,NO
25098796,130.005,4612.62,3,0.633471,NO
25098812,130.06,4606.32,3,0.614856,NO
25098828,130.117,4607.34,3,0.599338,NO
25098843,130.184,4614.62,3,0.587381,NO
25098843,130.266,4627.3,3,0.582107,NO
25098859,130.372,4644.1,3,0.587176,NO
25098875,130.492,4665.44,3,0.599222,NO
25098890,130.619,4576.6,3,0.613542,NO
25098890,130.749,4593.94,3,0.626465,NO
25098906,130.883,4609.27,3,0.639003,NO
25098921,131.022,4622.26,3,0.646703,NO
25098937,131.165,4633.12,3,0.637861,NO
25098937,131.312,4641.78,3,0.623573,NO
25098953,131.463,4648.4,3,0.611545,NO
25098968,131.616,4653.18,3,0.601884,NO
25098984,131.77,4656.54,3,0.592862,NO
25099000,131.927,4658.66,3,0.587,NO
25099031,132.078,4661.49,3,0.588887,NO
25099046,132.254,4669.89,3,0.597971,NO
25099062,132.414,4682.73,3,0.608283,NO
25099062,132.561,4698.89,3,0.620134,NO
25099078,132.699,4717.56,3,0.625415,NO
25099093,132.822,4741.31,3,0.625772,NO
25099109,132.946,4765.51,3,0.63195,NO
25099109,133.074,4788.32,3,0.622613,NO
25099125,133.21,4808.49,3,0.611233,NO
25099140,133.358,4824.3,3,0.598435,NO
25099156,133.516,4837,3,0.584656,NO
25099171,133.643,4845.79,3,0.575832,NO
25099171,133.778,4853.87,3,0.569085,NO
25099187,133.921,4860.52,3,0.571561,NO
25099203,134.068,4866.85,3,0.580159,NO
25099218,134.215,4866.15,3,0.586362,NO
25099234,134.362,4858.37,3,0.589604,NO
25099234,134.513,4842.38,3,0.591455,NO
25099250,134.663,4819.68,3,0.593065,NO
25099265,134.813,4790.04,3,0.595065,NO
25099265,134.955,4755.97,3,0.597276,NO
25099281,135.092,4717.21,3,0.606285,NO
25099296,135.214,4676.32,3,0.62894,NO
25099312,135.325,4632.34,3,0.660807,NO
25099328,135.424,4585.07,3,0.691469,NO
25099328,135.511,4533.84,3,0.717751,NO
25099343,135.582,4480.59,3,0.740238,NO
25099359,135.637,4423.38,3,0.760033,NO
25099375,135.661,4366.63,3,0.766409,NO
25099390,135.644,4311.54,3,0.771767,NO
25099406,135.574,4262.73,3,0.774572,NO
25099406,135.454,4224.65,3,0.775109,NO
25099421,135.291,4198.16,3,0.771584,NO
25099437,135.095,4180.67,3,0.764248,NO
25099453,134.886,4169.3,3,0.753177,NO
25099468,134.67,4161.57,3,0.731981,NO
25099484,134.452,4154.42,3,0.729271,NO
25099484,134.238,4147.85,3,0.740595,NO
25099500,134.021,4141.24,3,0.74634,NO
25099515,133.804,4134.81,3,0.74209,NO
25099531,133.591,4128.06,3,0.733452,NO
25099531,133.383,4121.01,3,0.722154,NO
25099546,133.174,4114.08,3,0.701561,NO
25099562,132.967,4107.34,3,0.675559,NO
25099578,132.76,4100.53,3,0.648866,NO
25099578,132.555,4093,3,0.622606,NO
25099593,132.352,4085.15,3,0.597545,NO
25099609,132.146,4076.8,3,0.582667,NO
25099625,131.937,4067.98,3,0.576523,NO
25099625,131.724,4058.91,3,0.572137,NO
25099640,131.505,4049.44,3,0.568171,NO
25099656,131.268,4039.84,3,0.567431,NO
25099671,131.022,4030.09,3,0.566023,NO
25099671,130.771,4020.45,3,0.561858,NO
25099687,130.516,4011.05,3,0.559624,NO
25099703,130.257,4001.75,3,0.5562,NO
25099718,129.996,3992.36,3,0.548339,NO
25099718,129.736,3982.71,3,0.536308,NO
25099734,129.476,3972.67,3,0.520423,NO
25099750,129.216,3962.31,3,0.513726,NO
25099765,128.951,3951.57,3,0.51612,NO
25099765,128.675,3940.93,3,0.518915,NO
25099781,128.393,3929.95,3,0.517651,NO
25099796,128.118,3917.76,3,0.509911,NO
25099812,127.846,3905.31,3,0.494616,NO
25099812,127.554,3893.06,3,0.481497,NO
25099828,127.255,3880.83,3,0.470938,NO
25099843,126.954,3868.37,3,0.460855,NO
25099859,126.653,3855.78,3,0.450915,NO
25099859,126.353,3842.96,3,0.44106,NO
25099875,126.054,3829.93,3,0.431518,NO
25099890,125.758,3816.74,3,0.42252,NO
25099906,125.461,3803.28,3,0.413811,NO
25099921,125.167,3789.74,3,0.405205,NO
25099921,124.874,3776.11,3,0.397,NO
25099937,124.586,3762.24,3,0.390683,NO
25099953,124.31,3748.26,3,0.389429,NO
25099968,124.028,3734.19,3,0.384725,NO
25099984,123.742,3719.85,3,0.377502,NO
25099984,123.45,3705.3,3,0.369886,NO
25100000,123.153,3690.53,3,0.376837,NO
25100015,122.849,3675.52,3,0.395703,NO
25100031,122.55,3660.44,3,0.404236,NO
25100046,122.24,3645.16,3,0.413476,NO
25100046,121.92,3629.71,3,0.435942,NO
25100062,121.565,3614.25,3,0.471117,NO
25100078,121.149,3599.18,3,0.505864,NO
25100093,120.717,3573.95,3,0.534509,NO
25100109,120.274,3554.48,3,0.569011,NO
25100109,119.835,3534.92,3,0.585109,NO
25100125,119.405,3514.98,3,0.58295,NO
25100140,119,3494.4,3,0.574657,NO
25100156,118.643,3472.26,3,0.564156,NO
25100171,118.3,3447.3,3,0.537154,NO
25100171,117.968,3417.46,3,0.499425,NO
25100187,117.643,3383.34,3,0.466305,NO
25100203,117.318,3349.57,3,0.438211,NO
25100218,116.99,3316.07,3,0.417828,NO
25100234,116.665,3283.07,3,0.408012,NO
25100234,116.335,3250.58,3,0.410747,NO
25100250,116.005,3218.54,3,0.420881,NO
25100265,115.676,3186.78,3,0.408704,NO
25100281,115.352,3155.65,3,0.393559,NO
25100281,115.027,3125.12,3,0.388503,NO
25100296,114.707,3269.21,3,0.387915,NO
25100312,114.398,3414.32,3,0.38623,NO
25100328,114.091,3559.59,3,0.378398,NO
25100343,113.776,3705.25,3,0.374806,NO
25100343,113.449,3850.57,3,0.38232,NO
25100359,113.119,3995.17,3,0.39896,NO
25100375,112.764,4139.09,3,0.416163,NO
25100390,112.365,4281.35,3,0.429233,NO
25100406,111.97,4422.1,3,0.447005,NO
25100406,111.592,4562.99,3,0.462672,NO
25100421,111.233,4701.09,3,0.464404,NO
25100437,110.887,4758.39,3,0.463963,NO
25100453,110.557,4772.29,3,0.464101,NO
25100453,110.271,4785.72,3,0.463404,NO
25100468,110,4802.98,3,0.45753,NO
25100484,109.736,4824.77,3,0.449585,NO
25100500,109.469,4850.51,3,0.448095,NO
25100500,109.207,4879.76,3,0.450927,NO
25100515,108.946,4912.42,3,0.454884,NO
25100531,108.661,4945.92,3,0.458347,NO
25100546,108.36,4982.93,3,0.459041,NO
25100546,108.067,5023.57,3,0.463954,NO
25100562,107.794,5069.07,3,0.461791,NO
25100578,107.537,5118.03,3,0.452805,NO
25100593,107.298,5169.43,3,0.442001,NO
25100593,107.073,5225.49,3,0.430942,NO
25100609,106.885,5284.11,3,0.42096,NO
25100625,106.707,5345.13,3,0.408729,NO
25100640,106.541,5403.7,3,0.394184,NO
25100640,106.378,5458.47,3,0.390405,NO
25100656,106.22,5510.06,3,0.396461,NO
25100671,106.064,5558.93,3,0.406707,NO
25100687,105.885,5600.01,3,0.417507,NO
25100687,105.698,5638.74,3,0.427328,NO
25100703,105.504,5678.19,3,0.446728,NO
25100718,105.32,5718.57,3,0.465581,NO
25100734,105.152,5758.64,3,0.469344,NO
25100734,105.005,5797.54,3,0.462709,NO
25100750,104.882,5838.93,3,0.455195,NO
25100765,104.782,5882.12,3,0.447811,NO
25100781,104.707,5922.61,3,0.440181,NO
25100781,104.664,5956.72,3,0.432347,NO
25100796,104.646,5987.12,3,0.426067,NO
25100812,104.647,6012.22,3,0.426979,NO
25100812,104.651,6035.37,3,0.435912,NO
25100828,104.657,6050.66,3,0.447532,NO
25100843,104.658,6065.28,3,0.45979,NO
25100859,104.648,6084.17,3,0.473338,NO
25100875,104.632,6107.03,3,0.489991,NO
25100875,104.614,6131.31,3,0.510618,NO
25100890,104.597,6156.48,3,0.532574,NO
25100906,104.576,6186.11,3,0.552737,NO
25100921,104.556,6214.63,3,0.571256,NO
25100921,104.538,6240.35,3,0.590349,NO
25100937,104.528,6258.9,3,0.607379,NO
25100953,104.516,6275.27,3,0.62081,NO
25100968,104.505,6289.47,3,0.632875,NO
25100984,104.505,6298.03,3,0.644837,NO
25100984,104.518,6302.4,3,0.651759,NO
25101000,104.538,6303.81,3,0.650968,NO
25101015,104.539,6309.61,3,0.64497,NO
25101031,104.525,6316.17,3,0.63223,NO
25101031,104.498,6322.42,3,0.612699,NO
25101046,104.458,6332.28,3,0.589441,NO
25101062,104.41,6348.6,3,0.563551,NO
25101078,104.361,6364.25,3,0.535509,NO
25101078,104.317,6377.3,3,0.499974,NO
25101093,104.276,6386.93,3,0.465689,NO
25101109,104.231,6396.52,3,0.434954,NO
25101125,104.184,6405.34,3,0.407207,NO
25101140,104.14,6406.92,3,0.389605,NO
25101140,104.091,6410.75,3,0.381743,NO
25101156,104.04,6418.53,3,0.378243,NO
25101171,103.982,6433.34,3,0.37736,NO
25101187,103.926,6451.85,3,0.379362,NO
25101187,103.877,6472.37,3,0.384234,NO
25101203,103.834,6501.29,3,0.391019,NO
25101218,103.819,6527.93,3,0.398709,NO
25101234,103.828,6552.87,3,0.407159,NO
25101234,103.847,6575.28,3,0.416471,NO
25101250,103.874,6592.92,3,0.42638,NO
25101265,103.903,6608.62,3,0.4304,NO
25101281,103.942,6616.67,3,0.428168,NO
25101296,103.975,6622.23,3,0.432319,NO
25101296,104.004,6628.5,3,0.447604,NO
25101312,104.034,6633.48,3,0.467064,NO
25101328,104.057,6641.74,3,0.485763,NO
25101343,104.076,6652.62,3,0.503341,NO
25101343,104.09,6666.6,3,0.52099,NO
25101359,104.1,6684.64,3,0.539371,NO
25101375,104.111,6701.99,3,0.557814,NO
25101390,104.124,6718.24,3,0.575723,NO
25101406,104.139,6733.24,3,0.592648,NO
25101406,104.167,6740.7,3,0.60771,NO
25101421,104.197,6746.49,3,0.620888,NO
25101437,104.244,6742.83,3,0.631519,NO
25101453,104.292,6737.44,3,0.639727,NO
25101453,104.342,6731.54,3,0.645143,NO
25101468,104.392,6725.8,3,0.647592,NO
25101484,104.437,6724.21,3,0.648055,NO
25101500,104.479,6725.42,3,0.647315,NO
25101515,104.515,6731.51,3,0.645458,NO
25101515,104.55,6740.6,3,0.640783,NO
25101531,104.589,6749.07,3,0.631968,NO
25101546,104.63,6756.59,3,0.62086,NO
25101562,104.678,6761.65,3,0.608845,NO
25101562,104.739,6753.14,3,0.59846,NO
25101578,104.804,6735.6,3,0.585808,NO
25101593,104.882,6705.1,3,0.571189,NO
25101609,104.958,6669.77,3,0.557122,NO
25101609,105.03,6630.16,3,0.543875,NO
25101625,105.097,6587.04,3,0.530802,NO
25101640,105.147,6546.47,3,0.519284,NO
25101656,105.193,6502.23,3,0.509283,NO
25101656,105.225,6458.95,3,0.500565,NO
25101671,105.253,6412.09,3,0.493497,NO
25101687,105.279,6358.89,3,0.488453,NO
25101703,105.305,6299.43,3,0.485046,NO
25101703,105.339,6228.76,3,0.483254,NO
25101718,105.373,6150.56,3,0.482184,NO
25101734,105.404,6064.2,3,0.48207,NO
25101750,105.431,5967.42,3,0.483442,NO
25101750,105.447,5865.11,3,0.485648,NO
25101765,105.452,5764.99,3,0.48864,NO
25101781,105.444,5669.16,3,0.491654,NO
25101796,105.418,5578.71,3,0.495601,NO
25101796,105.381,5491.37,3,0.500916,NO
25101812,105.325,5411.22,3,0.506948,NO
25101828,105.273,5332.47,3,0.513292,NO
25101843,105.217,5254.83,3,0.519238,NO
25101859,105.154,5186.16,3,0.525076,NO
25101859,105.084,5125.94,3,0.530656,NO
25101875,105.005,5075.17,3,0.536449,NO
25101890,104.92,5033.78,3,0.542439,NO
25101906,104.827,5001.68,3,0.548028,NO
25101906,104.722,4978.76,3,0.553735,NO
25101921,104.602,4963.94,3,0.560337,NO
25101937,104.485,4956.38,3,0.567219,NO
25101953,104.384,4954.94,3,0.572968,NO
25101968,104.31,4958.66,3,0.57788,NO
25101968,104.267,4966.89,3,0.583066,NO
25101984,104.265,4979.57,3,0.587474,NO
25102000,104.307,4996.44,3,0.592618,NO
25102015,104.377,5018.04,3,0.603023,NO
25102015,104.471,5045.27,3,0.616243,NO
25102031,104.585,5078.92,3,0.629543,NO
25102046,104.72,5115.22,3,0.642318,NO
25102062,104.874,5151.34,3,0.654964,NO
25102078,105.046,5187.07,3,0.667043,NO
25102078,105.234,5221.92,3,0.681321,NO
25102093,105.43,5255.86,3,0.694216,NO
25102109,105.62,5288.98,3,0.701235,NO
25102125,105.802,5322.17,3,0.694049,NO
25102125,105.978,5355.59,3,0.677217,NO
25102140,106.146,5388.54,3,0.655178,NO
25102156,106.31,5420.16,3,0.634315,NO
25102171,106.457,5455.69,3,0.616007,NO
25102187,106.595,5491.22,3,0.598365,NO
25102187,106.722,5528.36,3,0.580426,NO
25102203,106.839,5567.96,3,0.56241,NO
25102218,106.94,5610.89,3,0.54698,NO
25102234,107.033,5655.38,3,0.533912,NO
25102234,107.126,5698.83,3,0.522458,NO
25102250,107.21,5743.21,3,0.514848,NO
25102265,107.294,5785.53,3,0.511289,NO
25102281,107.371,5825.09,3,0.51147,NO
25102296,107.426,5864.17,3,0.515906,NO
25102296,107.461,5903.04,3,0.527625,NO
25102312,107.477,5941.63,3,0.545476,NO
25102328,107.481,5979.46,3,0.564608,NO
25102343,107.471,6017.27,3,0.584887,NO
25102359,107.449,6055.6,3,0.607572,NO
25102359,107.426,6092.14,3,0.628967,NO
25102375,107.411,6126.32,3,0.648128,NO
25102390,107.413,6157.91,3,0.668934,NO
25102406,107.438,6187.07,3,0.691414,NO
25102421,107.485,6217.12,3,0.714482,NO
25102421,107.561,6242.53,3,0.737103,NO
25102437,107.647,6263.86,3,0.76212,NO
25102453,107.731,6281.53,3,0.77209,NO
25102468,107.813,6296.21,3,0.777438,NO
25102468,107.898,6307.43,3,0.778598,NO
25102484,107.981,6315.82,3,0.778096,NO
25102500,108.049,6327.76,3,0.775091,NO
25102515,108.114,6339.24,3,0.767834,NO
25102515,108.177,6350.06,3,0.759683,NO
25102531,108.234,6361.06,3,0.750484,NO
25102546,108.284,6372.84,3,0.735,NO
25102562,108.333,6384.49,3,0.715984,NO
25102578,108.387,6392.81,3,0.697719,NO
25102578,108.435,6403.44,3,0.677205,NO
25102593,108.479,6417.27,3,0.653888,NO
25102609,108.508,6434.28,3,0.631333,NO
25102625,108.518,6453.91,3,0.61309,NO
25102625,108.521,6469.05,3,0.608066,NO
25102640,108.502,6486.81,3,0.609284,NO
25102656,108.474,6507.77,3,0.603415,NO
25102671,108.451,6530.38,3,0.601257,NO
25102671,108.443,6553.46,3,0.608611,NO
25102687,108.452,6576.14,3,0.620565,NO
25102703,108.466,6597.59,3,0.633829,NO
25102718,108.478,6621.58,3,0.646092,NO
25102718,108.493,6641.34,3,0.656198,NO
25102734,108.507,6659.27,3,0.671549,NO
25102750,108.514,6675.87,3,0.681626,NO
25102765,108.519,6691.22,3,0.677254,NO
25102781,108.523,6705.28,3,0.669381,NO
25102781,108.531,6715.12,3,0.663107,NO
25102796,108.535,6725.23,3,0.661229,NO
25102812,108.535,6727.4,3,0.661169,NO
25102828,108.533,6721.7,3,0.65682,NO
25102843,108.531,6707.93,3,0.649956,NO
25102843,108.529,6686.3,3,0.642563,NO
25102859,108.523,6659.25,3,0.636957,NO
25102875,108.516,6625.23,3,0.638921,NO
25102890,108.503,6585.43,3,0.642967,NO
25102890,108.487,6540.1,3,0.643032,NO
25102906,108.467,6490.19,3,0.641687,NO
25102921,108.441,6434.74,3,0.644342,NO
25102937,108.411,6373.91,3,0.650314,NO
25102953,108.373,6306.65,3,0.654935,NO
25102953,108.328,6233.88,3,0.657672,NO
25102968,108.276,6156.48,3,0.65946,NO
25102984,108.218,6072.4,3,0.649626,NO
25103000,108.155,5982.45,3,0.634203,NO
25103015,108.087,5891.35,3,0.620339,NO
25103015,108.014,5803.63,3,0.608265,NO
25103031,107.937,5716.46,3,0.597778,NO
25103046,107.852,5630.85,3,0.589014,NO
25103062,107.759,5546.61,3,0.582343,NO
25103078,107.659,5464.88,3,0.57761,NO
25103093,107.552,5387.11,3,0.574508,NO
25103093,107.437,5309.97,3,0.572484,NO
25103109,107.309,5234.98,3,0.571778,NO
25103125,107.17,5162.58,3,0.576345,NO
25103140,107.023,5092.8,3,0.580625,NO
25103156,106.868,5025.13,3,0.587523,NO
25103156,106.703,4958.5,3,0.604582,NO
25103171,106.535,4896.54,3,0.626218,NO
25103187,106.359,4836.45,3,0.647107,NO
25103203,106.172,4778.41,3,0.668014,NO
25103203,105.973,4722.21,3,0.689638,NO
25103218,105.763,4668.35,3,0.705782,NO
25103234,105.544,4616.6,3,0.716861,NO
25103250,105.307,4565.99,3,0.727159,NO
25103265,105.058,4517.62,3,0.736998,NO
25103265,104.798,4471.75,3,0.744561,NO
25103281,104.525,4427.94,3,0.748657,NO
25103296,104.247,4386.15,3,0.741565,NO
25103312,103.965,4347.02,3,0.734535,NO
25103328,103.674,4310.57,3,0.731832,NO
25103343,103.376,4276.97,3,0.730603,NO
25103343,103.072,4245.86,3,0.729369,NO
25103359,102.766,4217.24,3,0.727461,NO
25103375,102.457,4190.99,3,0.724822,NO
25103390,102.147,4167.27,3,0.721545,NO
25103390,101.835,4144.77,3,0.717312,NO
25103406,101.53,4124.03,3,0.712083,NO
25103421,101.232,4105.12,3,0.705598,NO
25103437,100.937,4087.81,3,0.697749,NO
25103453,100.646,4072.19,3,0.689337,NO
25103453,100.354,4058.08,3,0.680782,NO
25103468,100.047,4045.97,3,0.687091,NO
25103484,99.7338,4035.46,3,0.689449,NO
25103500,99.4164,4026.46,3,0.681825,NO
25103500,99.0926,4018.95,3,0.674224,NO
25103515,98.7615,4013.1,3,0.668912,NO
25103531,98.4205,4009.09,3,0.665269,NO
25103546,98.0788,4007.24,3,0.657647,NO
25103562,97.7327,4007.78,3,0.646249,NO
25103562,97.3712,4011.01,3,0.643851,NO
25103578,96.9947,4017.33,3,0.645563,NO
25103593,96.6006,4027.22,3,0.64767,NO
25103609,96.2021,4040.47,3,0.650401,NO
25103609,95.7976,4056.83,3,0.657097,NO
25103625,95.3834,4075.51,3,0.672901,NO
25103640,94.9867,4095.23,3,0.669998,NO
25103656,94.6187,4113.87,3,0.663883,NO
25103656,94.2813,4129.79,3,0.662028,NO
25103671,93.9776,4141.46,3,0.660269,NO
25103687,93.71,4148.8,3,0.656635,NO
25103703,93.4845,4151.87,3,0.650165,NO
25103718,93.2979,4151.51,3,0.640134,NO
25103718,93.1413,4148.32,3,0.628199,NO
25103734,93.0062,4142.65,3,0.614292,NO
25103750,92.8814,4134.85,3,0.599468,NO
25103765,92.7547,4125.42,3,0.584092,NO
25103765,92.6294,4114.28,3,0.569969,NO
25103781,92.5044,4101.79,3,0.557142,NO
25103796,92.3755,4088.3,3,0.545816,NO
25103812,92.2431,4074.17,3,0.535166,NO
25103828,92.1127,4059.25,3,0.525013,NO
25103828,91.9827,4043.69,3,0.515311,NO
25103843,91.8478,4027.6,3,0.506355,NO
25103859,91.7089,4011.19,3,0.498485,NO
25103875,91.572,3994.38,3,0.491449,NO
25103875,91.4314,3977.22,3,0.485424,NO
25103890,91.2865,3959.74,3,0.480579,NO
25103906,91.1435,3941.95,3,0.476818,NO
25103921,90.9989,3923.91,3,0.474155,NO
25103937,90.851,3905.62,3,0.473224,NO
25103937,90.7066,3887.02,3,0.473953,NO
25103953,90.5706,3867.44,3,0.47562,NO
25103968,90.4335,3847.74,3,0.479567,NO
25103984,90.2909,3828.28,3,0.485842,NO
25103984,90.1398,3809.11,3,0.492097,NO
25104000,89.9852,3789.9,3,0.49903,NO
25104015,89.8289,3770.68,3,0.508646,NO
25104031,89.6709,3751.51,3,0.519247,NO
25104046,89.5073,3732.2,3,0.529454,NO
25104046,89.3439,3712.75,3,0.540365,NO
25104062,89.188,3693.06,3,0.552628,NO
25104078,89.0271,3673.35,3,0.564071,NO
25104093,88.8608,3653.62,3,0.57559,NO
25104093,88.6918,3633.95,3,0.588775,NO
25104109,88.5194,3614.39,3,0.602459,NO
25104125,88.3391,3594.86,3,0.613768,NO
25104140,88.1406,3576.04,3,0.623665,NO
25104156,87.9368,3557.3,3,0.633859,NO
25104156,87.7293,3538.73,3,0.642296,NO
25104171,87.4976,3521.12,3,0.647235,NO
25104187,87.256,3503.63,3,0.65211,NO
25104203,87.0163,3486.07,3,0.657494,NO
25104218,86.7929,3468.17,3,0.662158,NO
25104218,86.5738,3450.15,3,0.666201,NO
25104234,86.3531,3432.26,3,0.668501,NO
25104250,86.1474,3414.21,3,0.670769,NO
25104265,85.953,3389.95,3,0.673077,NO
25104265,85.7578,3368.73,3,0.674851,NO
25104281,85.5503,3348.19,3,0.674369,NO
25104296,85.3308,3328.34,3,0.671987,NO
25104312,85.1087,3308.5,3,0.669211,NO
25104312,84.8823,3288.15,3,0.665809,NO
25104328,84.6359,3266.72,3,0.661446,NO
25104343,84.3901,3241.57,3,0.655902,NO
25104359,84.163,3211.19,3,0.649683,NO
25104375,83.953,3180.43,3,0.643448,NO
25104375,83.7502,3150.06,3,0.637319,NO
25104390,83.5508,3119.8,3,0.631467,NO
25104406,83.3698,3089.98,3,0.625713,NO
25104421,83.196,3060.47,3,0.620531,NO
25104421,83.021,3031.45,3,0.615521,NO
25104437,82.8343,3002.64,3,0.611684,NO
25104453,82.6454,2974.1,3,0.608833,NO
25104468,82.4583,2946.31,3,0.6062,NO
25104484,82.2616,3087.07,3,0.60914,NO
25104484,82.0505,3229.57,3,0.616771,NO
25104500,81.8403,3372.43,3,0.622663,NO
25104515,81.6397,3515.02,3,0.62606,NO
25104531,81.4439,3659.32,3,0.629561,NO
25104531,81.2508,3801.76,3,0.633286,NO
25104546,81.0567,3944.19,3,0.641823,NO
25104562,80.8746,4085.22,3,0.653877,NO
25104578,80.6935,4226.55,3,0.664058,NO
25104593,80.5114,4364.74,3,0.671591,NO
25104593,80.3106,4502.24,3,0.677019,NO
25104609,80.104,4637.76,3,0.680405,NO
25104625,79.8963,4770.67,3,0.681777,NO
25104625,79.6863,4901.36,3,0.681406,NO
25104640,79.4623,5029.41,3,0.68326,NO
25104656,79.235,5156.21,3,0.687406,NO
25104671,79.0076,5281.71,3,0.690174,NO
25104687,78.7887,5278.08,3,0.690998,NO
25104687,78.5774,5270.84,3,0.6902,NO
25104703,78.3656,5261.26,3,0.688461,NO
25104718,78.1585,5251.52,3,0.685219,NO
25104734,77.9606,5239.88,3,0.681032,NO
25104734,77.7763,5226.38,3,0.675235,NO
25104750,77.609,5211.38,3,0.667779,NO
25104765,77.4575,5195.41,3,0.65711,NO
25104781,77.313,5178.5,3,0.64274,NO
25104781,77.1692,5161.45,3,0.621572,NO
25104796,77.0168,5144.53,3,0.595006,NO
25104812,76.8494,5127.89,3,0.564859,NO
25104828,76.6649,5111.69,3,0.532176,NO
25104843,76.4672,5096.32,3,0.499836,NO
25104843,76.2539,5081.45,3,0.468202,NO
25104859,76.0214,5066.93,3,0.439128,NO
25104875,75.7913,5052.15,3,0.415426,NO
25104890,75.6404,5026.75,3,0.399178,NO
25104890,75.4141,5016.42,3,0.388706,NO
25104906,75.188,5007.32,3,0.377313,NO
25104921,74.9759,4996.85,3,0.365395,NO
25104937,74.7733,4985.37,3,0.356274,NO
25104937,74.5836,4973.5,3,0.353407,NO
25104953,74.4008,4961.38,3,0.356209,NO
25104968,74.2226,4948.82,3,0.363891,NO
25104984,74.0472,4935.63,3,0.376694,NO
25105000,73.8706,4922.29,3,0.393781,NO
25105000,73.694,4908.7,3,0.414894,NO
25105015,73.5188,4894.83,3,0.439828,NO
25105031,73.3439,4880.43,3,0.468238,NO
25105046,73.1703,4865.5,3,0.498784,NO
25105046,72.9988,4850.13,3,0.530866,NO
25105062,72.8289,4834.52,3,0.562848,NO
25105078,72.6579,4818.82,3,0.595675,NO
25105093,72.4858,4803.39,3,0.629096,NO
25105093,72.3116,4788.33,3,0.66237,NO
25105109,72.1362,4773.86,3,0.671959,NO
25105125,71.9573,4759.86,3,0.66449,NO
25105140,71.7744,4746.32,3,0.65935,NO
25105140,71.5889,4733.45,3,0.657115,NO
25105156,71.4005,4721.25,3,0.672037,NO
25105171,71.2082,4709.68,3,0.699203,NO
25105187,71.0101,4698.69,3,0.722995,NO
25105203,70.8075,4688.49,3,0.740753,NO
25105203,70.597,4679.31,3,0.756884,NO
25105218,70.3796,4670.85,3,0.765434,NO
25105234,70.1554,4663.08,3,0.77186,NO
25105250,69.9285,4655.4,3,0.778371,NO
25105250,69.7041,4646.94,3,0.783715,NO
25105265,69.4863,4637.48,3,0.780618,NO
25105281,69.2717,4627.25,3,0.769358,NO
25105296,69.0565,4617.09,3,0.756819,NO
25105312,68.8387,4607.56,3,0.738545,NO
25105312,68.6168,4598.61,3,0.717935,NO
25105328,68.3922,4590.02,3,0.699918,NO
25105343,68.1666,4581.55,3,0.684794,NO
25105359,67.9404,4573.06,3,0.672359,NO
25105359,67.7144,4564.48,3,0.672081,NO
25105375,67.4888,4555.71,3,0.691552,NO
25105390,67.2611,4546.53,3,0.70893,NO
25105406,67.0369,4536.95,3,0.714926,NO
25105406,66.8197,4526.7,3,0.719906,NO
25105421,66.6083,4515.34,3,0.728704,NO
25105437,66.4027,4502.82,3,0.739126,NO
25105453,66.2022,4489.45,3,0.748921,NO
25105453,66.0038,4475.49,3,0.758062,NO
25105468,65.8036,4461.24,3,0.76213,NO
25105484,65.6009,4446.9,3,0.764658,NO
25105500,65.3985,4432.77,3,0.767844,NO
25105515,65.1911,4419.37,3,0.770316,NO
25105515,64.9756,4407.12,3,0.771873,NO
25105531,64.7508,4395.71,3,0.772681,NO
25105546,64.5231,4384.67,3,0.772803,NO
25105562,64.2966,4373.4,3,0.772273,NO
25105562,64.0709,4361.61,3,0.771399,NO
25105578,63.8471,4349.47,3,0.770201,NO
25105593,63.6239,4337.03,3,0.76856,NO
25105609,63.4028,4324.38,3,0.767063,NO
25105625,62.9937,4247.46,3,0.76498,NO
25105625,62.5083,4174.66,3,0.763314,NO
25105640,62.0883,4104.91,3,0.759891,NO
25105656,61.6773,4038.56,3,0.757342,NO
25105671,61.2651,3973.41,3,0.754056,NO
25105671,60.7675,3908.85,3,0.752838,NO
25105687,60.249,3844.92,3,0.76115,NO
25105703,59.8026,3781.4,3,0.764894,NO
25105718,59.3668,3718.66,3,0.768925,NO
25105718,58.9245,3656.69,3,0.773205,NO
25105734,58.3925,3595.6,3,0.776943,NO
25105750,57.8371,3534.59,3,0.78156,NO
25105765,57.3768,3474.16,3,0.781985,NO
25105765,56.9291,3414.49,3,0.781426,NO
25105781,56.4704,3356.12,3,0.780607,NO
25105796,55.9777,3298.39,3,0.779492,NO
25105812,55.4181,3240.63,3,0.778038,NO
25105812,54.9351,3183.61,3,0.775489,NO
25105828,54.4721,3127.24,3,0.773761,NO
25105843,53.9946,3071.29,3,0.771802,NO
25105859,53.5101,3016.1,3,0.769881,NO
25105875,52.94,2962.04,3,0.768146,NO
25105875,52.4238,2908.99,3,0.765302,NO
25105890,51.932,2856.28,3,0.764019,NO
25105906,51.4622,2800.47,3,0.762956,NO
25105921,50.9935,2744.74,3,0.762092,NO
25105921,50.4454,2688.88,3,0.762001,NO
25105937,49.9187,2633.54,3,0.760688,NO
25105953,49.4307,2578.97,3,0.760187,NO
25105968,48.9437,2525.2,3,0.759842,NO
25105968,48.449,2471.6,3,0.75983,NO
25105984,47.8771,2418.71,3,0.760448,NO
25106000,47.3225,2367.42,3,0.759602,NO
25106015,46.8024,2316.84,3,0.761448,NO
25106031,46.2852,2266.55,3,0.762953,NO
25106031,45.7624,2216.35,3,0.771904,NO
25106046,45.2729,2242.63,3,0.780901,NO
25106062,44.8285,2267.27,3,0.788498,NO
25106078,44.3966,2290.49,3,0.794562,NO
25106078,43.9749,2312.43,3,0.798899,NO
25106093,43.5638,2333.13,3,0.801808,NO
25106109,43.1555,2352.96,3,0.803091,NO
25106125,42.7499,2372.36,3,0.803497,NO
25106140,42.3306,2393.76,3,0.802845,NO
25106140,41.9175,2414.12,3,0.801185,NO
25106156,41.5139,2432.57,3,0.799098,NO
25106171,41.1269,2448.41,3,0.797224,NO
25106187,40.7585,2461.18,3,0.794889,NO
25106187,40.4027,2472.04,3,0.792444,NO
25106203,40.0673,2479.32,3,0.789667,NO
25106218,39.7428,2485.02,3,0.785905,NO
25106234,39.4245,2489.56,3,0.782436,NO
25106250,39.1112,2493.03,3,0.779497,NO
25106250,38.8032,2495.35,3,0.776994,NO
25106265,38.4995,2496.47,3,0.775117,NO
25106281,38.1939,2497.23,3,0.773718,NO
25106296,37.8931,2496.95,3,0.773091,NO
25106312,37.5974,2495.29,3,0.772918,NO
25106312,37.3081,2492.24,3,0.773255,NO
25106328,37.028,2487.96,3,0.77382,NO
25106343,36.7529,2482.65,3,0.774413,NO
25106359,36.4816,2476.56,3,0.77481,NO
25106359,36.2182,2469.6,3,0.775012,NO
25106375,35.9636,2461.84,3,0.775159,NO
25106390,35.7157,2453.31,3,0.77554,NO
25106406,35.4762,2444.24,3,0.775674,NO
25106406,35.2382,2434.51,3,0.776444,NO
25106421,35.0068,2424.39,3,0.776054,NO
25106437,34.7825,2413.98,3,0.775984,NO
25106453,34.5643,2403.27,3,0.775665,NO
25106453,34.3507,2392.44,3,0.775756,NO
25106468,34.1416,2381.47,3,0.775589,NO
25106484,33.9361,2370.26,3,0.775031,NO
25106500,33.7345,2358.96,3,0.774709,NO
25106500,33.5349,2347.64,3,0.775028,NO
25106515,33.3372,2336.14,3,0.77492,NO
25106531,33.144,2324.58,3,0.774744,NO
25106546,32.9536,2312.98,3,0.774744,NO
25106546,32.7628,2301.31,3,0.775408,NO
25106562,32.5764,2289.62,3,0.775568,NO
25106578,32.4003,2277.88,3,0.774866,NO
25106593,32.2413,2266.2,3,0.774338,NO
25106593,32.1087,2254.87,3,0.774109,NO
25106609,32.0101,2243.96,3,0.772959,NO
25106625,31.9411,2233.95,3,0.77117,NO
25106640,31.8819,2224.94,3,0.768383,NO
25106640,31.8173,2216.89,3,0.763883,NO
25106656,31.741,2209.62,3,0.757746,NO
25106671,31.6515,2202.86,3,0.747352,NO
25106687,31.548,2196.34,3,0.733936,NO
25106687,31.4355,2189.8,3,0.722191,NO
25106703,31.315,2183.18,3,0.71326,NO
25106718,31.1865,2176.34,3,0.705154,NO
25106734,31.0512,2169.23,3,0.697259,NO
25106734,30.9076,2161.66,3,0.689729,NO
25106750,30.7577,2153.62,3,0.682149,NO
25106765,30.6046,2145.06,3,0.675733,NO
25106781,30.4618,2136.04,3,0.67565,NO
25106781,30.3401,2127.08,3,0.679122,NO
25106796,30.2358,2118.75,3,0.680516,NO
25106812,30.1358,2111.39,3,0.678123,NO
25106828,30.0297,2104.72,3,0.676092,NO
25106828,29.9273,2098.25,3,0.675778,NO
25106843,29.8289,2091.8,3,0.6781,NO
25106859,29.7327,2085.38,3,0.681094,NO
25106875,29.6375,2078.96,3,0.682775,NO
25106875,29.5433,2072.54,3,0.682671,NO
25106890,29.4499,2066.11,3,0.6816,NO
25106906,29.3571,2059.67,3,0.679846,NO
25106921,29.2654,2053.28,3,0.677081,NO
25106921,29.1741,2046.9,3,0.674179,NO
25106937,29.0829,2040.52,3,0.670822,NO
25106953,28.9917,2034.16,3,0.667006,NO
25106968,28.9007,2027.84,3,0.662658,NO
25106968,28.8096,2021.51,3,0.658278,NO
25106984,28.7192,2015.23,3,0.654398,NO
25107000,28.6281,2008.88,3,0.650516,NO
25107015,28.5374,2002.56,3,0.647031,NO
25107015,28.4466,1996.24,3,0.643923,NO
25107031,28.356,1989.91,3,0.641238,NO
25107046,28.2653,1983.55,3,0.639022,NO
25107062,28.1744,1977.16,3,0.637545,NO
25107078,28.0838,1970.79,3,0.636141,NO
25107078,27.9935,1964.42,3,0.634914,NO
25107093,27.9028,1958.03,3,0.633825,NO
25107109,27.812,1951.63,3,0.633026,NO
25107125,27.7226,1945.35,3,0.632466,NO
25107125,27.6329,1939.04,3,0.63176,NO
25107140,27.5436,1932.76,3,0.631401,NO
25107156,27.4544,1926.5,3,0.631153,NO
25107171,27.3654,1920.27,3,0.63054,NO
25107187,27.2769,1914.08,3,0.630251,NO
25107187,27.1884,1907.92,3,0.630506,NO
25107203,27.1,1901.77,3,0.63075,NO
25107218,27.0123,1895.68,3,0.631096,NO
25107234,26.9256,1889.64,3,0.709546,NO
25107234,26.8378,1883.58,3,0.766791,NO
25107250,26.7502,1877.67,3,0.69445,NO
25107265,26.6632,1871.73,3,0.591113,NO
25107281,26.5779,1865.69,3,0.497978,NO
25107281,26.494,1859.5,3,0.420128,NO
25107296,26.4073,1853.15,3,0.354655,NO
25107312,26.3133,1846.46,3,0.299106,NO
25107328,26.2114,1839.29,3,0.256139,NO
25107343,26.1035,1831.66,3,0.241272,NO
25107343,25.9875,1823.51,3,0.253719,NO
25107359,25.8634,1814.93,3,0.28122,NO
25107375,25.7299,1805.86,3,0.31087,NO
25107390,25.5898,1796.32,3,0.33746,NO
25107390,25.4581,1786.57,3,0.359484,NO
25107406,25.3484,1776.92,3,0.377706,NO
25107421,25.2668,1768.12,3,0.39711,NO
25107437,25.2016,1760.67,3,0.41784,NO
25107453,25.1337,1754.69,3,0.434456,NO
25107453,25.0549,1749.54,3,0.446008,NO
25107468,24.9665,1744.51,3,0.461229,NO
25107484,24.8783,1739.37,3,0.480755,NO
25107500,24.796,1734.16,3,0.497258,NO
25107500,24.7147,1728.93,3,0.509129,NO
25107515,24.6325,1723.75,3,0.524154,NO
25107531,24.548,1718.54,3,0.549654,NO
25107546,24.4621,1713.29,3,0.580005,NO
25107562,24.3762,1708.01,3,0.608569,NO
25107562,24.2902,1702.67,3,0.634846,NO
25107578,24.2045,1697.29,3,0.659896,NO
25107593,24.1187,1691.93,3,0.682625,NO
25107609,24.0335,1686.6,3,0.700548,NO
25107609,23.9476,1681.52,3,0.710511,NO
25107625,23.8639,1676.36,3,0.712739,NO
25107640,23.7843,1670.92,3,0.709659,NO
25107656,23.7063,1665.52,3,0.703337,NO
25107656,23.6299,1660.27,3,0.694274,NO
25107671,23.5544,1655.15,3,0.683086,NO
25107687,23.4804,1650.1,3,0.671118,NO
25107703,23.4076,1645.07,3,0.659675,NO
25107703,23.3358,1640.09,3,0.650434,NO
25107718,23.2639,1635.3,3,0.644373,NO
25107734,23.1912,1630.79,3,0.642314,NO
25107750,23.1117,1626.29,3,0.644626,NO
25107765,23.0214,1621.43,3,0.653738,NO
25107765,22.9212,1615.84,3,0.671743,NO
25107781,22.8113,1609.3,3,0.697133,NO
25107796,22.6941,1601.86,3,0.685529,NO
25107812,22.5705,1593.63,3,0.688076,NO
25107812,22.4397,1584.64,3,0.723934,NO
25107828,22.2949,1574.42,3,0.76279,NO
25107843,22.1252,1563.18,3,0.773212,NO
25107859,21.9595,1550.95,3,0.785032,NO
25107875,21.8106,1538.59,3,0.793111,NO
25107875,21.6851,1526.84,3,0.796619,NO
25107890,21.5892,1516.3,3,0.795923,NO
25107906,21.5248,1508.03,3,0.790915,NO
25107921,21.4726,1502.29,3,0.781178,NO
25107921,21.4167,1498.31,3,0.766873,NO
25107937,21.353,1494.98,3,0.748089,NO
25107953,21.28,1491.59,3,0.718475,NO
25107968,21.1971,1487.82,3,0.691412,NO
25107968,21.1079,1483.44,3,0.670288,NO
25107984,21.0218,1478.69,3,0.651797,NO
25108000,20.9387,1473.8,3,0.631981,NO
25108015,20.8584,1468.98,3,0.614481,NO
25108031,20.7807,1464.24,3,0.604381,NO
25108031,20.7049,1459.47,3,0.599715,NO
25108046,20.6315,1454.71,3,0.598784,NO
25108062,20.5593,1449.93,3,0.600855,NO
25108078,20.4889,1445.2,3,0.604983,NO
25108078,20.4197,1440.51,3,0.609292,NO
25108093,20.3516,1435.85,3,0.613758,NO
25108109,20.2844,1431.23,3,0.617244,NO
25108125,20.2184,1426.68,3,0.619003,NO
25108125,20.1533,1422.22,3,0.618813,NO
25108140,20.0888,1417.83,3,0.617135,NO
25108156,20.0252,1413.5,3,0.613541,NO
25108171,19.9624,1409.22,3,0.606894,NO
25108187,19.9002,1404.97,3,0.597459,NO
25108187,19.8382,1400.69,3,0.586129,NO
25108203,19.7759,1396.37,3,0.573784,NO
25108218,19.7138,1392.03,3,0.561172,NO
25108234,19.5635,1383.31,3,0.548848,NO
25108234,19.2879,1374.63,3,0.538004,NO
25108250,18.9437,1366.09,3,0.529201,NO
25108265,18.5746,1357.64,3,0.522926,NO
25108281,18.2197,1349.34,3,0.519772,NO
25108296,17.8783,1341.15,3,0.520243,NO
25108296,17.5364,1333.04,3,0.525346,NO
25108312,17.1932,1325.03,3,0.533429,NO
25108328,16.8398,1317.19,3,0.544016,NO
25108343,16.4672,1309.4,3,0.557572,NO
25108343,16.0907,1301.64,3,0.574081,NO
25108359,15.7209,1294.07,3,0.591715,NO
25108375,15.3484,1286.49,3,0.610586,NO
25108390,14.9803,1279.06,3,0.631403,NO
25108406,14.609,1271.66,3,0.655954,NO
25108406,14.2586,1264.29,3,0.681113,NO
25108421,13.9189,1257.09,3,0.703338,NO
25108437,13.5751,1249.9,3,0.723264,NO
25108453,13.2318,1242.86,3,0.741938,NO
25108453,12.8874,1235.93,3,0.759043,NO
25108468,12.5423,1229.11,3,0.764827,NO
25108484,12.1848,1222.34,3,0.770078,NO
25108500,11.7938,1215.7,3,0.774674,NO
25108500,11.3966,1209.09,3,0.777929,NO
25108515,11.0029,1202.58,3,0.779814,NO
25108531,10.6163,1196.19,3,0.780762,NO
25108546,10.2301,1189.81,3,0.780628,NO
25108562,9.85106,1183.57,3,0.779916,NO
25108562,9.5009,1177.34,3,0.77887,NO
25108578,9.17204,1171.19,3,0.777145,NO
25108593,8.84467,1165.1,3,0.775077,NO
25108609,8.51531,1159.06,3,0.773209,NO
25108609,8.18244,1153.09,3,0.77012,NO
25108625,7.84732,1147.2,3,0.75975,NO
25108640,7.50284,1141.36,3,0.736879,NO
25108656,7.10267,1135.63,3,0.705881,NO
25108656,6.69909,1129.97,3,0.674335,NO
25108671,6.29633,1124.34,3,0.645524,NO
25108687,5.90436,1118.83,3,0.621176,NO
25108703,5.51824,1113.38,3,0.601753,NO
25108718,5.14094,1108.02,3,0.586921,NO
25108718,4.7798,1102.75,3,0.576686,NO
25108734,4.42725,1097.56,3,0.571063,NO
25108750,4.0772,1092.45,3,0.569851,NO
25108765,3.72916,1087.41,3,0.572248,NO
25108765,3.3817,1082.42,3,0.578484,NO
25108781,3.03978,1077.5,3,0.594347,NO
25108796,2.70544,1072.67,3,0.61783,NO
25108812,2.37713,1067.87,3,0.642002,NO
25108812,2.06008,1063.13,3,0.664184,NO
25108828,1.75514,1058.42,3,0.684534,NO
25108843,1.47022,1053.77,3,0.703091,NO
25108859,1.21034,1049.2,3,0.719688,NO
25108859,0.976396,1044.66,3,0.734014,NO
25108875,0.699861,1040.19,3,0.745702,NO
25108890,0.364193,1035.78,3,0.755298,NO
25108906,0.0528876,1031.41,3,0.759998,NO
25108906,0.321649,1027.13,3,0.76143,NO
25108921,0.646239,1022.88,3,0.76267,NO
25108937,0.712005,1018.69,3,0.762392,NO
25108953,0.803336,1014.57,3,0.760909,NO
25108953,0.849516,1010.48,3,0.758036,NO
25108968,0.887215,1006.43,3,0.752357,NO
25108984,0.927217,1002.41,3,0.743656,NO
25109000,0.967093,998.464,3,0.733881,NO
25109015,1.0095,994.534,3,0.723407,NO
25109015,1.05206,990.648,3,0.712117,NO
25109031,1.09436,986.817,3,0.700475,NO
25109046,1.13663,983.02,3,0.688755,NO
25109062,1.17882,979.266,3,0.677347,NO
25109062,1.22108,975.541,3,0.666435,NO
25109078,1.26312,971.876,3,0.655944,NO
25109093,1.30539,968.23,3,0.646717,NO
25109109,1.34757,964.633,3,0.638265,NO
25109109,0,0,0,0,NO
25109125,0,0,0,0,NO
25109140,0,0,0,0,NO
25109156,0,0,0,0,NO
25109171,0,0,0,0,NO
25109171,0,0,0,0,NO
25109203,0,0,0,0,NO
25109250,0,0,0,0,NO
25109250,0,0,0,0,NO
25109265,0,0,0,0,NO
25109281,0,0,0,0,NO
25109296,0,0,0,0,NO
25109312,0,0,0,0,NO
25109328,0,0,0,0,NO
25109343,0,0,0,0,NO
25109359,0,0,0,0,NO
25109359,0,0,0,0,NO
25109375,0,0,0,0,NO
25109390,0,0,0,0,NO
25109406,0,0,0,0,NO
25109406,0,0,0,0,NO
25109421,0,0,0,0,NO
25109437,0,0,0,0,NO
25109437,0,0,0,0,NO
25109453,0,0,0,0,NO
25109453,0,0,0,0,NO
25109468,0,0,0,0,NO
25109468,0,0,0,0,NO
25109484,0,0,0,0,NO
25109484,0,0,0,0,NO
25109500,0,0,0,0,NO
25109500,0,0,0,0,NO
25109515,0,0,0,0,NO
25109515,0,0,0,0,NO
25109531,0,0,0,0,NO
25109531,0,0,0,0,NO
25109546,0,0,0,0,NO
25109546,0,0,0,0,NO
25109562,0,0,0,0,NO
25109562,0,0,0,0,NO
25109562,0,0,0,0,NO
25109578,0,0,0,0,NO
25109578,0,0,0,0,NO
25109593,0,0,0,0,NO
25109593,0,0,0,0,NO
25109609,0,0,0,0,NO
25109609,0,0,0,0,NO
25109625,0,0,0,0,NO
25109640,0,0,0,0,NO
25109640,0,0,0,0,NO
25109765,0,0,0,0,NO
25109765,0,0,0,0,NO
25109781,0,0,0,0,NO
25109781,0,0,0,0,NO
25109796,0,0,0,0,NO
25109812,0,0,0,0,NO
25109812,0,0,0,0,NO
25109828,0,0,0,0,NO
25109828,0,0,0,0,NO
25109843,0,0,0,0,NO
25109843,0,0,0,0,NO
25109859,0,0,0,0,NO
25109859,0,0,0,0,NO
25109875,0,0,0,0,NO
25109875,0,0,0,0,NO
25109890,0,0,0,0,NO
25109906,0,0,0,0,NO
25109906,0,0,0,0,NO
25109921,0,0,0,0,NO
25109921,0,0,0,0,NO
25109937,0,0,0,0,NO
25109937,0,0,0,0,NO
25109953,0,0,0,0,NO
25109953,0,0,0,0,NO
25109968,0,0,0,0,NO
25109968,0,0,0,0,NO
25109984,0,0,0,0,NO
25109984,0,0,0,0,NO
25110000,0,0,0,0,NO
25110000,0,0,0,0,NO
25110015,0,0,0,0,NO
25110015,0,0,0,0,NO
25110031,0,0,0,0,NO
25110031,0,0,0,0,NO
25110046,0,0,0,0,NO
25110046,0,0,0,0,NO
25110062,0,0,0,0,NO
25110078,0,0,0,0,NO
25110078,0,0,0,0,NO
25110093,0,0,0,0,NO
25110093,0,0,0,0,NO
25110109,0,0,0,0,NO
25110109,0,0,0,0,NO
25110125,0,0,0,0,NO
25110125,0,0,0,0,NO
25110140,0,0,0,0,NO
25110140,0,0,0,0,NO
25110156,0,0,0,0,NO
25110156,0,0,0,0,NO
25110171,0,0,0,0,NO
25110187,0,0,0,0,NO
25110187,0,0,0,0,NO
25110203,0,0,0,0,NO
25110203,0,0,0,0,NO
25110218,0,0,0,0,NO
25110218,0,0,0,0,NO
25110234,0,0,0,0,NO
25110234,0,0,0,0,NO
25110250,0,0,0,0,NO
25110250,0,0,0,0,NO
25110265,0,0,0,0,NO
25110281,0,0,0,0,NO
25110281,0,0,0,0,NO
25110296,0,0,0,0,NO
25110296,0,0,0,0,NO
25110312,0,0,0,0,NO
25110328,0,0,0,0,NO
25110328,0,0,0,0,NO
25110343,0,0,0,0,NO
25110343,0,0,0,0,NO
25110359,0,0,0,0,NO
25110359,0,0,0,0,NO
25110375,0,0,0,0,NO
25110390,0,0,0,0,NO
25110390,0,0,0,0,NO
25110406,0,0,0,0,NO
25110406,0,0,0,0,NO
25110421,0,0,0,0,NO
25110437,0,0,0,0,NO
25110437,0,0,0,0,NO
25110453,0,0,0,0,NO
25110453,0,0,0,0,NO
25110468,0,0,0,0,NO
25110484,0,0,0,0,NO
25110484,0,0,0,0,NO
25110500,0,0,0,0,NO
25110500,0,0,0,0,NO
25110515,0,0,0,0,NO
25110515,0,0,0,0,NO
25110531,0,0,0,0,NO
25110546,0,0,0,0,NO
25110546,0,0,0,0,NO
25110562,0,0,0,0,NO
25110562,0,0,0,0,NO
25110578,0,0,0,0,NO
25110593,0,0,0,0,NO
25110593,0,0,0,0,NO
25110609,0,0,0,0,NO
25110609,0,0,0,0,NO
25110625,0,0,0,0,NO
25110625,0,0,0,0,NO
25110640,0,0,0,0,NO
25110656,0,0,0,0,NO
25110656,0,0,0,0,NO
25110671,0,0,0,0,NO
25110687,0,0,0,0,NO
25110687,0,0,0,0,NO
25110703,0,0,0,0,NO
25110718,0,0,0,0,NO
25110718,0,0,0,0,NO
25110734,0,0,0,0,NO
25110750,0,0,0,0,NO
25110750,0,0,0,0,NO
25110765,0,0,0,0,NO
25110781,0,0,0,0,NO
25110781,0,0,0,0,NO
25110796,0,0,0,0,NO
25110796,0,0,0,0,NO
25110812,0,0,0,0,NO
25110828,0,0,0,0,NO
25110828,0,0,0,0,NO
25110843,0,0,0,0,NO
25110859,0,0,0,0,NO
25110859,0,0,0,0,NO
25110875,0,0,0,0,NO
25110875,0,0,0,0,NO
25110890,0,0,0,0,NO
25110890,0,0,0,0,NO
25110906,0,0,0,0,NO
25110921,0,0,0,0,NO
25110921,0,0,0,0,NO
25110937,0,0,0,0,NO
25110937,0,0,0,0,NO
25110953,0,0,0,0,NO
25110953,0,0,0,0,NO
25110968,0,0,0,0,NO
25110968,0,0,0,0,NO
25110984,0,0,0,0,NO
25110984,0,0,0,0,NO
25111000,0,0,0,0,NO
25111015,0,0,0,0,NO
25111015,0,0,0,0,NO
25111031,0,0,0,0,NO
25111031,0,0,0,0,NO
25111046,0,0,0,0,NO
25111046,0,0,0,0,NO
25111062,0,0,0,0,NO
25111062,0,0,0,0,NO
25111078,0,0,0,0,NO
25111078,0,0,0,0,NO
25111093,0,0,0,0,NO
25111093,0,0,0,0,NO
25111109,0,0,0,0,NO
25111109,0,0,0,0,NO
25111125,0,0,0,0,NO
25111125,0,0,0,0,NO
25111140,0,0,0,0,NO
25111140,0,0,0,0,NO
25111156,0,0,0,0,NO
25111156,0,0,0,0,NO
25111171,0,0,0,0,NO
25111171,0,0,0,0,NO
25111187,0,0,0,0,NO
25111187,0,0,0,0,NO
25111203,0,0,0,0,NO
25111203,0,0,0,0,NO
25111218,0,0,0,0,NO
25111218,0,0,0,0,NO
25111234,0,0,0,0,NO
25111250,0,0,0,0,NO
25111250,0,0,0,0,NO
25111265,0,0,0,0,NO
25111265,0,0,0,0,NO
25111281,0,0,0,0,NO
25111281,0,0,0,0,NO
25111296,0,0,0,0,NO
25111296,0,0,0,0,NO
25111312,0,0,0,0,NO
25111312,0,0,0,0,NO
25111328,0,0,0,0,NO
25111343,0,0,0,0,NO
25111343,0,0,0,0,NO
25111359,0,0,0,0,NO
25111359,0,0,0,0,NO
25111375,0,0,0,0,NO
25111375,0,0,0,0,NO
25111390,0,0,0,0,NO
25111390,0,0,0,0,NO
25111406,0,0,0,0,NO
25111421,0,0,0,0,NO
25111421,0,0,0,0,NO
25111437,0,0,0,0,NO
25111437,0,0,0,0,NO
25111453,0,0,0,0,NO
25111453,0,0,0,0,NO
25111468,0,0,0,0,NO
25111484,0,0,0,0,NO
25111484,0,0,0,0,NO
25111500,0,0,0,0,NO
25111500,0,0,0,0,NO
25111515,0,0,0,0,NO
25111531,0,0,0,0,NO
